dummy,Lat,Lon,Base
09/01/2014 0:01,40.2201,-74.0021,B02512
09/01/2014 0:01,40.2201,-74.0021,B02512
09/01/2014 0:03,40.7559,-73.9864,
09/01/2014 0:06,40.745,-73.9889,B02512
09/01/2014 0:11,40.8145,-73.9444,B02512
09/01/2014 0:12,40.6735,-73.9918,B02512
09/01/2014 0:15,40.7471,-73.6472,B02512
09/01/2014 0:16,40.6613,-74.2691,B02512
09/01/2014 0:32,40.3745,-73.9999,B02512
09/01/2014 0:33,40.7633,-73.9773,B02512
09/01/2014 0:33,40.7467,-73.6131,B02512
09/01/2014 0:37,40.8105,-73.96,B02512
09/01/2014 0:38,40.679,-74.0111,B02512
09/01/2014 0:39,40.4023,-73.9839,B02512
09/01/2014 0:48,40.7378,-74.0395,B02512
09/01/2014 0:48,40.7214,-73.9884,B02512
09/01/2014 0:49,40.8646,-73.9081,B02512
09/01/2014 1:08,40.7398,-74.0061,B02512
09/01/2014 1:17,40.6793,-74.0116,B02512
09/01/2014 1:19,40.7328,-73.9875,B02512
09/01/2014 1:39,40.6743,-73.9334,B02512
09/01/2014 1:41,40.7638,-73.9962,B02512
09/01/2014 2:03,40.7638,-73.9811,B02512
09/01/2014 2:13,40.7415,-73.9975,B02512
09/01/2014 2:33,40.7445,-73.9855,B02512
09/01/2014 2:39,40.6614,-73.9409,B02512
09/01/2014 2:41,40.7494,-73.9946,B02512
09/01/2014 3:18,40.7529,-74.004,B02512
09/01/2014 4:01,41.0319,-74.1813,B02512
09/01/2014 4:06,40.7983,-73.9628,B02512
09/01/2014 4:20,40.6932,-73.943,B02512
09/01/2014 4:34,40.707,-74.0045,B02512
09/01/2014 5:02,40.7193,-73.9998,B02512
09/01/2014 5:11,40.7608,-73.9859,B02512
09/01/2014 5:12,40.8293,-73.9432,B02512
09/01/2014 5:16,40.7612,-73.9874,B02512
09/01/2014 5:25,40.7215,-73.9841,B02512
09/01/2014 5:29,40.7778,-73.9888,B02512
09/01/2014 5:45,40.7501,-74.0025,B02512
09/01/2014 5:55,40.7769,-73.9862,B02512
09/01/2014 5:56,40.7499,-73.9717,B02512
09/01/2014 6:04,40.7513,-73.935,B02512
09/01/2014 6:08,40.7291,-73.9813,B02512
09/01/2014 6:14,40.7674,-73.9841,B02512
09/01/2014 6:26,40.7414,-73.9983,B02512
09/01/2014 6:35,40.7685,-73.8626,B02512
09/01/2014 6:43,40.8298,-73.9719,B02512
09/01/2014 6:51,40.6878,-73.9562,B02512
09/01/2014 6:56,40.7686,-73.8626,B02512
09/01/2014 7:01,40.7878,-73.5375,B02512
09/01/2014 7:22,40.7636,-73.9911,B02512
09/01/2014 7:30,40.7364,-73.9966,B02512
09/01/2014 7:33,40.7593,-73.9752,B02512
09/01/2014 7:37,40.7955,-74.2537,B02512
09/01/2014 7:37,40.7303,-73.9998,B02512
09/01/2014 7:41,40.756,-73.9728,B02512
09/01/2014 7:58,40.7558,-73.9764,B02512
09/01/2014 8:05,40.7739,-73.8725,B02512
09/01/2014 8:11,40.6788,-73.9586,B02512
09/01/2014 8:13,40.6897,-73.9724,B02512
09/01/2014 8:19,40.7359,-73.9838,B02512
09/01/2014 8:21,40.7312,-74.0047,B02512
09/01/2014 8:25,40.7255,-74.01,B02512
09/01/2014 8:30,40.7344,-73.9859,B02512
09/01/2014 8:30,40.7878,-73.9537,B02512
09/01/2014 8:34,40.7666,-73.9903,B02512
09/01/2014 8:37,40.751,-74.0337,B02512
09/01/2014 8:40,40.764,-73.9793,B02512
09/01/2014 8:44,40.7173,-73.9499,B02512
09/01/2014 8:45,40.763,-73.9597,B02512
09/01/2014 8:53,40.7553,-73.973,B02512
09/01/2014 8:53,40.6874,-73.998,B02512
09/01/2014 8:57,40.8205,-73.9541,B02512
09/01/2014 8:57,40.7459,-73.9883,B02512
09/01/2014 8:57,40.7798,-74.0089,B02512
09/01/2014 8:59,40.695,-74.178,B02512
09/01/2014 8:59,40.695,-74.178,B02512
09/01/2014 9:04,40.7375,-73.9799,B02512
09/01/2014 9:04,40.722,-73.9882,B02512
09/01/2014 9:05,40.7277,-73.9895,B02512
09/01/2014 9:05,40.7457,-74.0261,B02512
09/01/2014 9:10,40.8449,-73.9371,B02512
09/01/2014 9:10,40.5896,-73.7384,B02512
09/01/2014 9:12,40.7644,-73.9958,B02512
09/01/2014 9:13,40.7275,-74.0386,B02512
09/01/2014 9:14,40.7556,-73.9818,B02512
09/01/2014 9:15,40.7215,-74.0045,B02512
09/01/2014 9:16,40.6917,-73.9425,B02512
09/01/2014 9:17,40.7557,-73.9923,B02512
09/01/2014 9:21,40.7202,-73.9962,B02512
09/01/2014 9:22,40.7324,-73.9971,B02512
09/01/2014 9:23,40.7435,-73.9757,B02512
09/01/2014 9:23,40.7739,-73.8717,B02512
09/01/2014 9:30,40.6211,-73.9903,B02512
09/01/2014 9:34,40.7894,-73.9754,B02512
09/01/2014 9:40,40.756,-73.9734,B02512
09/01/2014 9:40,40.7654,-73.9826,B02512
09/01/2014 9:42,40.7629,-73.9815,B02512
09/01/2014 9:42,40.7587,-73.9843,B02512
09/01/2014 9:43,40.774,-73.8722,B02512
09/01/2014 9:43,40.7868,-74.0096,B02512
09/01/2014 9:44,40.7493,-73.6195,B02512
09/01/2014 9:51,40.752,-73.9772,B02512
09/01/2014 9:54,40.7348,-73.9814,B02512
09/01/2014 9:56,40.7906,-73.9757,B02512
09/01/2014 9:58,40.7621,-73.9744,B02512
09/01/2014 9:58,40.7496,-73.9778,B02512
09/01/2014 10:02,41.016,-73.6678,B02512
09/01/2014 10:02,40.7619,-73.9685,B02512
09/01/2014 10:02,40.7382,-74.0073,B02512
09/01/2014 10:08,40.7555,-73.936,B02512
09/01/2014 10:09,40.6601,-74.1181,B02512
09/01/2014 10:10,40.7694,-73.881,B02512
09/01/2014 10:10,40.7824,-73.4439,B02512
09/01/2014 10:12,40.7587,-73.8918,B02512
09/01/2014 10:13,40.7188,-73.9987,B02512
09/01/2014 10:14,40.6872,-73.9616,B02512
09/01/2014 10:14,40.7667,-73.9973,B02512
09/01/2014 10:17,40.7577,-73.9882,B02512
09/01/2014 10:17,40.7602,-73.9668,B02512
09/01/2014 10:23,40.7272,-74.0061,B02512
09/01/2014 10:24,40.7759,-73.9612,B02512
09/01/2014 10:26,40.708,-74.0061,B02512
09/01/2014 10:28,40.7586,-73.9863,B02512
09/01/2014 10:34,40.7594,-73.9748,B02512
09/01/2014 10:35,40.7785,-73.9813,B02512
09/01/2014 10:37,40.7676,-73.9645,B02512
09/01/2014 10:38,40.7642,-73.886,B02512
09/01/2014 10:39,40.6467,-73.7894,B02512
09/01/2014 10:40,40.777,-73.9792,B02512
09/01/2014 10:42,40.8134,-73.9612,B02512
09/01/2014 10:42,40.7556,-73.9818,B02512
09/01/2014 10:51,40.6784,-73.9272,B02512
09/01/2014 10:52,40.9438,-74.0474,B02512
09/01/2014 10:53,40.7528,-73.9872,B02512
09/01/2014 10:56,40.7577,-73.9747,B02512
09/01/2014 10:57,40.7738,-73.8714,B02512
09/01/2014 10:58,40.7412,-74.006,B02512
09/01/2014 11:01,40.7545,-73.936,B02512
09/01/2014 11:02,40.7634,-73.9656,B02512
09/01/2014 11:02,40.7799,-73.9742,B02512
09/01/2014 11:05,40.7408,-73.9935,B02512
09/01/2014 11:06,40.68,-73.9582,B02512
09/01/2014 11:07,40.7828,-73.9772,B02512
09/01/2014 11:12,40.817,-73.9414,B02512
09/01/2014 11:14,40.762,-73.9742,B02512
09/01/2014 11:18,40.7707,-73.9633,B02512
09/01/2014 11:18,40.7555,-73.9814,B02512
09/01/2014 11:20,40.7688,-74.0192,B02512
09/01/2014 11:20,40.7383,-73.9948,B02512
09/01/2014 11:22,40.7236,-73.9965,B02512
09/01/2014 11:23,40.672,-73.996,B02512
09/01/2014 11:24,40.7249,-74.0354,B02512
09/01/2014 11:24,40.7249,-74.0354,B02512
09/01/2014 11:24,40.7537,-73.9948,B02512
09/01/2014 11:30,40.7652,-73.9797,B02512
09/01/2014 11:31,40.6945,-73.9985,B02512
09/01/2014 11:31,40.7735,-73.9792,B02512
09/01/2014 11:32,40.7528,-73.9852,B02512
09/01/2014 11:33,40.762,-74.0454,B02512
09/01/2014 11:33,40.6447,-73.7824,B02512
09/01/2014 11:36,40.7698,-73.9547,B02512
09/01/2014 11:37,40.7642,-73.9712,B02512
09/01/2014 11:42,40.746,-73.9724,B02512
09/01/2014 11:44,40.7638,-73.8283,B02512
09/01/2014 11:46,40.8054,-73.941,B02512
09/01/2014 11:46,40.7282,-73.9966,B02512
09/01/2014 11:46,40.7252,-73.9506,B02512
09/01/2014 11:46,40.7739,-73.8713,B02512
09/01/2014 11:47,40.7347,-74.0095,B02512
09/01/2014 11:51,40.7831,-73.9743,B02512
09/01/2014 11:52,40.6877,-74.1823,B02512
09/01/2014 11:53,40.6784,-73.9494,B02512
09/01/2014 11:54,40.7384,-73.9998,B02512
09/01/2014 11:57,40.7502,-73.9947,B02512
09/01/2014 11:59,40.7473,-73.9721,B02512
09/01/2014 11:59,40.7461,-73.9821,B02512
09/01/2014 12:01,40.7088,-73.921,B02512
09/01/2014 12:01,40.7179,-74.0146,B02512
09/01/2014 12:05,40.7701,-73.9832,B02512
09/01/2014 12:07,40.7683,-73.9848,B02512
09/01/2014 12:08,40.7496,-73.9834,B02512
09/01/2014 12:10,40.74,-73.9897,B02512
09/01/2014 12:10,40.7625,-73.9756,B02512
09/01/2014 12:11,40.7703,-73.9601,B02512
09/01/2014 12:13,40.7315,-73.9924,B02512
09/01/2014 12:13,40.7187,-73.9987,B02512
09/01/2014 12:13,40.7586,-73.9869,B02512
09/01/2014 12:14,40.7543,-73.9741,B02512
09/01/2014 12:15,40.7253,-73.9872,B02512
09/01/2014 12:17,40.7385,-73.9806,B02512
09/01/2014 12:18,40.7516,-73.977,B02512
09/01/2014 12:18,40.7685,-73.9823,B02512
09/01/2014 12:19,40.7643,-73.9778,B02512
09/01/2014 12:22,40.7753,-73.9634,B02512
09/01/2014 12:23,40.7753,-73.9635,B02512
09/01/2014 12:23,40.7115,-74.0402,B02512
09/01/2014 12:25,40.7356,-73.9896,B02512
09/01/2014 12:26,40.7636,-73.9715,B02512
09/01/2014 12:28,40.7623,-73.9825,B02512
09/01/2014 12:28,40.7738,-73.8722,B02512
09/01/2014 12:29,40.6868,-74.1934,B02512
09/01/2014 12:30,40.7388,-73.996,B02512
09/01/2014 12:30,40.6722,-73.9434,B02512
09/01/2014 12:30,40.7214,-74.0409,B02512
09/01/2014 12:30,40.7214,-74.0409,B02512
09/01/2014 12:31,40.7146,-73.9988,B02512
09/01/2014 12:31,40.7517,-73.9937,B02512
09/01/2014 12:33,40.7397,-73.9872,B02512
09/01/2014 12:35,40.7706,-73.8653,B02512
09/01/2014 12:35,40.7276,-73.9872,B02512
09/01/2014 12:37,40.64,-73.9455,B02512
09/01/2014 12:39,40.8015,-73.969,B02512
09/01/2014 12:40,40.7202,-74.0102,B02512
09/01/2014 12:41,40.7181,-74.0151,B02512
09/01/2014 12:44,40.7705,-73.9668,B02512
09/01/2014 12:47,40.7501,-73.9878,B02512
09/01/2014 12:48,40.7259,-73.9793,B02512
09/01/2014 12:52,40.7749,-73.9885,B02512
09/01/2014 12:52,40.7108,-74.0053,B02512
09/01/2014 12:53,40.7737,-73.9815,B02512
09/01/2014 12:56,40.723,-74.0001,B02512
09/01/2014 12:57,40.7388,-74.0071,B02512
09/01/2014 12:58,40.7685,-73.8625,B02512
09/01/2014 13:04,40.7432,-74.0077,B02512
09/01/2014 13:05,40.727,-73.9856,B02512
09/01/2014 13:06,40.7636,-73.9754,B02512
09/01/2014 13:07,40.7739,-73.9608,B02512
09/01/2014 13:09,40.7999,-73.9688,B02512
09/01/2014 13:09,40.7032,-73.994,B02512
09/01/2014 13:11,40.6423,-73.7882,B02512
09/01/2014 13:11,40.7408,-74.0048,B02512
09/01/2014 13:14,40.6418,-73.7885,B02512
09/01/2014 13:15,40.7055,-74.0171,B02512
09/01/2014 13:18,40.7573,-73.9796,B02512
09/01/2014 13:20,40.7383,-73.9775,B02512
09/01/2014 13:23,40.7167,-73.9975,B02512
09/01/2014 13:24,40.7264,-74.0091,B02512
09/01/2014 13:25,40.6466,-73.7899,B02512
09/01/2014 13:26,40.8073,-73.9543,B02512
09/01/2014 13:27,40.7645,-73.9818,B02512
09/01/2014 13:29,40.7183,-73.9945,B02512
09/01/2014 13:31,40.69,-73.9899,B02512
09/01/2014 13:31,40.7706,-73.8654,B02512
09/01/2014 13:34,40.7819,-73.9794,B02512
09/01/2014 13:34,40.6918,-73.9152,B02512
09/01/2014 13:37,40.745,-73.8428,B02512
09/01/2014 13:38,40.7394,-74.0081,B02512
09/01/2014 13:39,40.7478,-73.9084,B02512
09/01/2014 13:40,40.7393,-73.9828,B02512
09/01/2014 13:42,40.6446,-73.7822,B02512
09/01/2014 13:43,40.7224,-73.9842,B02512
09/01/2014 13:43,40.7732,-73.9462,B02512
09/01/2014 13:47,40.7254,-74.0011,B02512
09/01/2014 13:52,40.7324,-73.9819,B02512
09/01/2014 13:52,40.7453,-73.842,B02512
09/01/2014 13:53,40.7629,-73.9686,B02512
09/01/2014 13:53,40.7499,-73.9933,B02512
09/01/2014 13:54,40.7593,-73.9958,B02512
09/01/2014 13:55,40.7329,-74.0021,B02512
09/01/2014 13:56,40.7251,-73.9781,B02512
09/01/2014 13:57,40.7388,-73.9855,B02512
09/01/2014 13:58,40.7757,-73.9467,B02512
09/01/2014 13:58,40.7503,-73.9946,B02512
09/01/2014 13:59,40.7677,-73.9836,B02512
09/01/2014 14:01,40.7078,-74.0061,B02512
09/01/2014 14:02,40.774,-73.8724,B02512
09/01/2014 14:08,40.7356,-73.9885,B02512
09/01/2014 14:09,40.7739,-73.8726,B02512
09/01/2014 14:11,40.8608,-73.9325,B02512
09/01/2014 14:11,40.7388,-73.998,B02512
09/01/2014 14:12,40.776,-73.9108,B02512
09/01/2014 14:12,40.7491,-73.9764,B02512
09/01/2014 14:14,40.8022,-73.9696,B02512
09/01/2014 14:14,40.742,-73.9895,B02512
09/01/2014 14:15,40.7401,-73.9933,B02512
09/01/2014 14:19,40.7741,-73.8726,B02512
09/01/2014 14:19,40.7632,-73.9265,B02512
09/01/2014 14:20,40.6446,-73.7824,B02512
09/01/2014 14:21,40.7778,-73.959,B02512
09/01/2014 14:23,40.7607,-73.724,B02512
09/01/2014 14:27,40.7685,-73.8627,B02512
09/01/2014 14:27,40.7215,-73.9989,B02512
09/01/2014 14:27,40.7676,-73.9823,B02512
09/01/2014 14:28,40.7569,-73.9889,B02512
09/01/2014 14:31,40.7653,-73.9694,B02512
09/01/2014 14:32,40.7324,-73.9894,B02512
09/01/2014 14:32,40.7103,-74.0105,B02512
09/01/2014 14:35,40.6418,-73.7883,B02512
09/01/2014 14:36,40.714,-74.0126,B02512
09/01/2014 14:39,40.7618,-73.9795,B02512
09/01/2014 14:39,40.6467,-73.7893,B02512
09/01/2014 14:39,40.7748,-73.9908,B02512
09/01/2014 14:39,40.7406,-74.0055,B02512
09/01/2014 14:42,40.7673,-73.8992,B02512
09/01/2014 14:43,40.7781,-73.9553,B02512
09/01/2014 14:43,40.7755,-73.9607,B02512
09/01/2014 14:43,40.7783,-73.9805,B02512
09/01/2014 14:45,40.7833,-73.98,B02512
09/01/2014 14:45,40.7707,-73.8656,B02512
09/01/2014 14:47,40.7215,-73.9884,B02512
09/01/2014 14:47,40.7753,-73.9535,B02512
09/01/2014 14:47,40.7706,-73.8655,B02512
09/01/2014 14:49,40.7226,-73.9809,B02512
09/01/2014 14:51,40.7822,-73.9761,B02512
09/01/2014 14:54,40.7752,-73.9636,B02512
09/01/2014 14:55,40.7752,-73.9591,B02512
09/01/2014 14:57,40.7028,-73.9161,B02512
09/01/2014 15:00,40.7614,-73.966,B02512
09/01/2014 15:06,40.7805,-73.9762,B02512
09/01/2014 15:08,40.7646,-73.9619,B02512
09/01/2014 15:08,40.8553,-73.4815,B02512
09/01/2014 15:09,40.7189,-73.9567,B02512
09/01/2014 15:09,40.7417,-73.9974,B02512
09/01/2014 15:13,40.7346,-73.9923,B02512
09/01/2014 15:14,40.7307,-73.9829,B02512
09/01/2014 15:14,40.6415,-73.789,B02512
09/01/2014 15:16,40.7184,-74.0105,B02512
09/01/2014 15:16,40.7489,-73.9757,B02512
09/01/2014 15:17,40.7183,-73.9941,B02512
09/01/2014 15:18,40.7202,-73.9991,B02512
09/01/2014 15:18,40.7452,-73.9941,B02512
09/01/2014 15:25,40.7209,-74.0016,B02512
09/01/2014 15:25,40.7549,-73.9841,B02512
09/01/2014 15:25,40.7685,-73.8624,B02512
09/01/2014 15:27,40.7201,-73.9951,B02512
09/01/2014 15:27,40.7366,-73.9552,B02512
09/01/2014 15:27,40.7449,-73.8433,B02512
09/01/2014 15:28,40.7327,-74.0049,B02512
09/01/2014 15:31,40.7439,-73.9919,B02512
09/01/2014 15:33,40.8019,-73.9652,B02512
09/01/2014 15:33,40.7439,-73.9925,B02512
09/01/2014 15:34,40.7231,-74.0026,B02512
09/01/2014 15:35,40.6447,-73.7825,B02512
09/01/2014 15:35,40.7369,-74.0078,B02512
09/01/2014 15:37,40.703,-73.9948,B02512
09/01/2014 15:37,40.7739,-73.8718,B02512
09/01/2014 15:40,40.7741,-73.872,B02512
09/01/2014 15:40,40.6461,-73.7769,B02512
09/01/2014 15:44,40.7664,-73.9782,B02512
09/01/2014 15:45,40.7366,-74.0013,B02512
09/01/2014 15:46,40.6854,-73.9749,B02512
09/01/2014 15:48,40.7564,-73.982,B02512
09/01/2014 15:51,40.7225,-74.0081,B02512
09/01/2014 15:52,40.7025,-73.9931,B02512
09/01/2014 15:53,40.7299,-74.0083,B02512
09/01/2014 15:53,40.6457,-73.7766,B02512
09/01/2014 15:54,40.6457,-73.7767,B02512
09/01/2014 15:54,40.7774,-73.9564,B02512
09/01/2014 15:55,40.6844,-73.9775,B02512
09/01/2014 15:56,40.7561,-73.9942,B02512
09/01/2014 15:58,40.7431,-74.0068,B02512
09/01/2014 15:58,40.7354,-73.983,B02512
09/01/2014 15:59,40.7631,-73.9843,B02512
09/01/2014 15:59,40.8045,-73.9673,B02512
09/01/2014 16:01,40.7518,-73.9927,B02512
09/01/2014 16:03,40.72,-73.9575,B02512
09/01/2014 16:03,40.6449,-73.7819,B02512
09/01/2014 16:05,40.7607,-73.9992,B02512
09/01/2014 16:08,40.6916,-74.1772,B02512
09/01/2014 16:08,40.7077,-74.0122,B02512
09/01/2014 16:09,40.749,-73.9722,B02512
09/01/2014 16:11,40.6468,-73.7892,B02512
09/01/2014 16:13,40.7598,-73.9778,B02512
09/01/2014 16:14,40.6805,-73.9495,B02512
09/01/2014 16:15,40.6869,-73.9581,B02512
09/01/2014 16:15,40.7544,-73.9956,B02512
09/01/2014 16:16,40.705,-74.0089,B02512
09/01/2014 16:17,40.7532,-73.9834,B02512
09/01/2014 16:17,40.7097,-74.0179,B02512
09/01/2014 16:17,40.7472,-73.9857,B02512
09/01/2014 16:18,40.7547,-73.9661,B02512
09/01/2014 16:18,40.7546,-73.846,B02512
09/01/2014 16:18,40.7579,-73.9888,B02512
09/01/2014 16:18,40.7886,-73.9526,B02512
09/01/2014 16:21,40.6486,-73.7839,B02512
09/01/2014 16:21,40.7498,-73.9832,B02512
09/01/2014 16:23,40.7779,-73.9523,B02512
09/01/2014 16:25,40.7482,-73.9806,B02512
09/01/2014 16:27,40.7747,-73.9826,B02512
09/01/2014 16:28,40.7489,-73.9759,B02512
09/01/2014 16:28,40.7222,-73.9968,B02512
09/01/2014 16:28,40.7829,-73.9711,B02512
09/01/2014 16:30,40.742,-74.004,B02512
09/01/2014 16:30,40.7635,-73.9777,B02512
09/01/2014 16:33,40.7553,-73.9835,B02512
09/01/2014 16:34,40.7448,-73.8435,B02512
09/01/2014 16:34,40.753,-73.9953,B02512
09/01/2014 16:39,40.7344,-73.9901,B02512
09/01/2014 16:41,40.7635,-73.9807,B02512
09/01/2014 16:42,40.703,-74.0116,B02512
09/01/2014 16:43,40.7381,-74.005,B02512
09/01/2014 16:43,40.668,-73.8014,B02512
09/01/2014 16:46,40.7198,-73.9562,B02512
09/01/2014 16:47,40.7824,-73.9762,B02512
09/01/2014 16:48,40.6447,-73.7819,B02512
09/01/2014 16:48,40.7547,-73.8455,B02512
09/01/2014 16:50,40.7478,-73.9887,B02512
09/01/2014 16:51,40.7209,-73.9948,B02512
09/01/2014 16:52,40.7547,-73.8461,B02512
09/01/2014 16:55,40.7327,-73.9875,B02512
09/01/2014 16:56,40.746,-74.0039,B02512
09/01/2014 16:56,40.7063,-74.0179,B02512
09/01/2014 17:01,40.753,-73.9966,B02512
09/01/2014 17:03,40.7686,-73.9556,B02512
09/01/2014 17:06,40.7512,-74.0065,B02512
09/01/2014 17:06,40.796,-73.6729,B02512
09/01/2014 17:06,40.688,-74.183,B02512
09/01/2014 17:06,40.7702,-73.8646,B02512
09/01/2014 17:07,40.7402,-73.9949,B02512
09/01/2014 17:10,40.7708,-73.866,B02512
09/01/2014 17:11,40.7167,-73.9975,B02512
09/01/2014 17:11,40.6951,-74.1783,B02512
09/01/2014 17:13,40.7483,-73.9797,B02512
09/01/2014 17:14,40.7105,-74.0177,B02512
09/01/2014 17:19,40.7568,-73.9674,B02512
09/01/2014 17:21,40.7409,-73.9805,B02512
09/01/2014 17:26,40.7627,-73.9963,B02512
09/01/2014 17:29,40.7808,-73.9728,B02512
09/01/2014 17:29,40.7349,-74.1647,B02512
09/01/2014 17:30,40.7617,-73.9717,B02512
09/01/2014 17:31,40.7399,-74.0061,B02512
09/01/2014 17:32,40.7345,-73.9978,B02512
09/01/2014 17:33,40.7145,-73.9447,B02512
09/01/2014 17:33,40.7122,-73.9513,B02512
09/01/2014 17:36,40.7333,-73.9873,B02512
09/01/2014 17:40,40.7444,-74.0083,B02512
09/01/2014 17:41,40.7078,-74.0063,B02512
09/01/2014 17:41,40.7314,-74.0067,B02512
09/01/2014 17:42,40.6483,-73.783,B02512
09/01/2014 17:43,40.7413,-73.9984,B02512
09/01/2014 17:43,40.7736,-73.9663,B02512
09/01/2014 17:44,40.7642,-73.9985,B02512
09/01/2014 17:46,40.728,-74.0433,B02512
09/01/2014 17:47,40.6875,-74.1905,B02512
09/01/2014 17:47,40.6875,-74.1905,B02512
09/01/2014 17:47,40.7683,-73.9883,B02512
09/01/2014 17:48,40.746,-74.0077,B02512
09/01/2014 17:48,40.7741,-73.8728,B02512
09/01/2014 17:52,40.7146,-73.9853,B02512
09/01/2014 17:53,40.6799,-73.9893,B02512
09/01/2014 17:55,40.7054,-74.0098,B02512
09/01/2014 17:56,40.7224,-74.0037,B02512
09/01/2014 18:03,40.721,-73.9977,B02512
09/01/2014 18:03,40.7641,-73.967,B02512
09/01/2014 18:04,40.7469,-73.996,B02512
09/01/2014 18:05,40.6864,-73.9686,B02512
09/01/2014 18:07,40.7451,-73.9768,B02512
09/01/2014 18:08,40.7267,-73.9769,B02512
09/01/2014 18:09,40.7659,-73.9771,B02512
09/01/2014 18:10,40.6553,-73.7264,B02512
09/01/2014 18:13,40.7529,-74.03,B02512
09/01/2014 18:15,40.7274,-73.9921,B02512
09/01/2014 18:18,40.7685,-73.9849,B02512
09/01/2014 18:20,40.8027,-73.9526,B02512
09/01/2014 18:21,40.741,-73.9806,B02512
09/01/2014 18:22,40.7367,-73.9888,B02512
09/01/2014 18:23,40.7583,-73.9751,B02512
09/01/2014 18:24,40.7372,-73.9885,B02512
09/01/2014 18:25,40.7988,-73.9694,B02512
09/01/2014 18:26,40.7721,-73.9522,B02512
09/01/2014 18:26,40.7426,-73.9979,B02512
09/01/2014 18:26,40.7421,-73.9967,B02512
09/01/2014 18:28,40.7894,-73.9672,B02512
09/01/2014 18:30,40.7641,-73.9704,B02512
09/01/2014 18:34,40.741,-73.9813,B02512
09/01/2014 18:36,40.7726,-73.9775,B02512
09/01/2014 18:40,40.7634,-73.9742,B02512
09/01/2014 18:40,40.7708,-73.9627,B02512
09/01/2014 18:44,40.69,-73.9774,B02512
09/01/2014 18:45,40.7229,-73.959,B02512
09/01/2014 18:47,40.769,-73.9815,B02512
09/01/2014 18:51,40.726,-73.9918,B02512
09/01/2014 18:52,40.7488,-73.9855,B02512
09/01/2014 18:54,40.751,-73.9822,B02512
09/01/2014 18:55,40.7482,-74.0056,B02512
09/01/2014 18:59,40.6447,-73.7822,B02512
09/01/2014 18:59,40.758,-73.9839,B02512
09/01/2014 19:00,40.7433,-73.918,B02512
09/01/2014 19:05,40.7453,-73.9769,B02512
09/01/2014 19:05,40.7406,-73.9983,B02512
09/01/2014 19:05,40.7224,-73.9873,B02512
09/01/2014 19:07,40.6448,-73.7818,B02512
09/01/2014 19:07,40.734,-74.0049,B02512
09/01/2014 19:08,40.6942,-73.9059,B02512
09/01/2014 19:08,41.0628,-73.7103,B02512
09/01/2014 19:11,40.7386,-73.9975,B02512
09/01/2014 19:13,40.6921,-73.9936,B02512
09/01/2014 19:17,40.731,-73.9798,B02512
09/01/2014 19:19,40.7172,-74.0127,B02512
09/01/2014 19:21,40.7211,-74.0054,B02512
09/01/2014 19:21,40.6739,-73.801,B02512
09/01/2014 19:24,40.6463,-73.7769,B02512
09/01/2014 19:27,40.7739,-73.8723,B02512
09/01/2014 19:28,40.6875,-73.99,B02512
09/01/2014 19:31,40.756,-73.9965,B02512
09/01/2014 19:33,40.7499,-74.0036,B02512
09/01/2014 19:33,40.6446,-73.7823,B02512
09/01/2014 19:34,40.7612,-73.9891,B02512
09/01/2014 19:35,40.6947,-74.1777,B02512
09/01/2014 19:35,40.6947,-74.1777,B02512
09/01/2014 19:37,40.7328,-74.0025,B02512
09/01/2014 19:40,40.7357,-73.9564,B02512
09/01/2014 19:42,40.805,-73.9387,B02512
09/01/2014 19:43,40.7442,-73.9716,B02512
09/01/2014 19:45,40.751,-73.9754,B02512
09/01/2014 19:46,40.771,-73.9835,B02512
09/01/2014 19:49,40.7514,-73.9764,B02512
09/01/2014 19:51,40.7683,-73.8622,B02512
09/01/2014 19:51,40.72,-73.988,B02512
09/01/2014 19:51,40.7683,-73.8622,B02512
09/01/2014 19:56,40.7514,-73.9938,B02512
09/01/2014 19:57,40.6974,-73.993,B02512
09/01/2014 20:02,40.8078,-73.9642,B02512
09/01/2014 20:04,40.7429,-74.0076,B02512
09/01/2014 20:05,40.6447,-73.782,B02512
09/01/2014 20:07,40.732,-73.9506,B02512
09/01/2014 20:08,40.7339,-73.9982,B02512
09/01/2014 20:08,40.7395,-73.9827,B02512
09/01/2014 20:08,40.7219,-73.9582,B02512
09/01/2014 20:09,40.642,-73.7887,B02512
09/01/2014 20:09,40.7304,-73.9822,B02512
09/01/2014 20:11,40.6831,-73.9812,B02512
09/01/2014 20:19,40.6486,-73.7827,B02512
09/01/2014 20:20,40.7215,-74.0022,B02512
09/01/2014 20:21,40.7169,-73.9424,B02512
09/01/2014 20:25,40.7369,-74.0037,B02512
09/01/2014 20:29,40.8051,-73.9393,B02512
09/01/2014 20:34,40.7071,-74.0054,B02512
09/01/2014 20:35,40.7398,-73.9856,B02512
09/01/2014 20:36,40.6484,-73.7827,B02512
09/01/2014 20:37,40.5774,-73.9633,B02512
09/01/2014 20:37,40.7157,-74.0062,B02512
09/01/2014 20:37,40.7199,-74.0103,B02512
09/01/2014 20:37,40.7024,-73.9898,B02512
09/01/2014 20:38,40.7064,-73.91,B02512
09/01/2014 20:38,40.7343,-73.8554,B02512
09/01/2014 20:44,40.7457,-74.0056,B02512
09/01/2014 20:45,40.7156,-74.0063,B02512
09/01/2014 20:45,40.7304,-74.0069,B02512
09/01/2014 20:47,40.7087,-73.9227,B02512
09/01/2014 20:48,40.7451,-73.9771,B02512
09/01/2014 20:49,40.8367,-73.5435,B02512
09/01/2014 20:53,40.7404,-73.9877,B02512
09/01/2014 20:54,40.7107,-74.005,B02512
09/01/2014 20:55,40.7503,-73.9944,B02512
09/01/2014 20:56,40.7353,-74.0019,B02512
09/01/2014 20:58,40.7219,-73.958,B02512
09/01/2014 20:59,40.7497,-73.9778,B02512
09/01/2014 20:59,40.7448,-73.8436,B02512
09/01/2014 20:59,40.7863,-73.9487,B02512
09/01/2014 21:00,40.7353,-74.002,B02512
09/01/2014 21:01,40.7178,-73.9522,B02512
09/01/2014 21:02,40.7739,-73.8726,B02512
09/01/2014 21:02,40.7739,-73.8726,B02512
09/01/2014 21:03,40.7225,-73.9977,B02512
09/01/2014 21:04,40.6915,-74.1771,B02512
09/01/2014 21:04,40.6915,-74.1771,B02512
09/01/2014 21:04,40.7519,-73.9864,B02512
09/01/2014 21:05,40.7092,-74.0111,B02512
09/01/2014 21:08,40.7715,-73.9873,B02512
09/01/2014 21:11,40.7644,-73.9882,B02512
09/01/2014 21:11,40.7166,-73.9901,B02512
09/01/2014 21:16,40.7072,-73.8353,B02512
09/01/2014 21:16,40.7448,-73.9567,B02512
09/01/2014 21:17,40.7425,-74.0002,B02512
09/01/2014 21:19,40.7225,-73.9592,B02512
09/01/2014 21:20,40.6953,-74.1772,B02512
09/01/2014 21:21,40.6467,-73.7778,B02512
09/01/2014 21:24,40.7249,-73.9815,B02512
09/01/2014 21:25,40.6769,-73.9507,B02512
09/01/2014 21:31,40.7465,-73.9936,B02512
09/01/2014 21:31,40.8802,-74.24,B02512
09/01/2014 21:32,40.7588,-73.9709,B02512
09/01/2014 21:34,40.7376,-74.0053,B02512
09/01/2014 21:34,40.7717,-73.8713,B02512
09/01/2014 21:36,40.7712,-73.866,B02512
09/01/2014 21:36,40.7939,-73.9423,B02512
09/01/2014 21:37,40.7208,-73.9832,B02512
09/01/2014 21:40,40.7658,-73.9633,B02512
09/01/2014 21:42,40.7448,-73.8436,B02512
09/01/2014 21:42,40.7448,-73.8436,B02512
09/01/2014 21:43,40.7335,-73.9954,B02512
09/01/2014 21:43,40.7335,-73.9954,B02512
09/01/2014 21:45,40.7389,-74.0026,B02512
09/01/2014 21:50,40.7577,-73.9906,B02512
09/01/2014 21:52,40.7204,-73.9871,B02512
09/01/2014 21:53,40.7205,-73.994,B02512
09/01/2014 21:56,40.7264,-74.0021,B02512
09/01/2014 21:56,40.6397,-73.9425,B02512
09/01/2014 21:58,40.7745,-73.9823,B02512
09/01/2014 22:07,40.75,-73.9771,B02512
09/01/2014 22:07,40.7855,-73.972,B02512
09/01/2014 22:07,40.7855,-73.972,B02512
09/01/2014 22:07,40.7235,-74.0028,B02512
09/01/2014 22:14,40.7687,-73.8628,B02512
09/01/2014 22:15,40.7643,-73.977,B02512
09/01/2014 22:15,40.7237,-74.0026,B02512
09/01/2014 22:17,40.8073,-73.9484,B02512
09/01/2014 22:19,40.7432,-74.0075,B02512
09/01/2014 22:20,40.6456,-73.7767,B02512
09/01/2014 22:20,40.7557,-73.9872,B02512
09/01/2014 22:21,40.7481,-73.9569,B02512
09/01/2014 22:22,40.7706,-73.9507,B02512
09/01/2014 22:22,40.7706,-73.9507,B02512
09/01/2014 22:22,40.7706,-73.9021,B02512
09/01/2014 22:24,40.7224,-74.0429,B02512
09/01/2014 22:26,40.6447,-73.7822,B02512
09/01/2014 22:27,40.7339,-74.0052,B02512
09/01/2014 22:27,40.7028,-73.9908,B02512
09/01/2014 22:31,40.7333,-73.9598,B02512
09/01/2014 22:36,40.6879,-74.1831,B02512
09/01/2014 22:38,40.6448,-73.7819,B02512
09/01/2014 22:38,40.7039,-73.9197,B02512
09/01/2014 22:41,40.6448,-73.782,B02512
09/01/2014 22:46,40.7346,-73.9999,B02512
09/01/2014 22:47,40.6485,-73.7844,B02512
09/01/2014 22:51,40.7198,-74.0001,B02512
09/01/2014 22:52,40.7655,-73.9875,B02512
09/01/2014 22:52,40.7533,-73.9888,B02512
09/01/2014 23:02,40.7534,-73.9667,B02512
09/01/2014 23:03,40.7692,-73.9827,B02512
09/01/2014 23:04,40.7398,-74.0063,B02512
09/01/2014 23:05,40.688,-74.1828,B02512
09/01/2014 23:05,40.688,-74.1828,B02512
09/01/2014 23:12,40.6878,-74.1816,B02512
09/01/2014 23:17,40.7197,-73.9623,B02512
09/01/2014 23:22,40.7215,-73.9886,B02512
09/01/2014 23:26,40.6878,-74.1816,B02512
09/01/2014 23:29,40.6879,-74.1813,B02512
09/01/2014 23:30,40.7415,-74.0038,B02512
09/01/2014 23:37,40.6448,-73.7824,B02512
09/01/2014 23:37,40.6443,-73.7821,B02512
09/01/2014 23:38,40.6449,-73.7819,B02512
09/01/2014 23:40,40.7038,-73.9246,B02512
09/01/2014 23:44,40.799,-73.9363,B02512
09/01/2014 23:46,40.5757,-73.981,B02512
09/01/2014 23:57,40.7771,-73.9521,B02512
09/02/2014 0:02,40.695,-74.1779,B02512
09/02/2014 0:02,40.6938,-73.938,B02512
09/02/2014 0:08,40.7549,-73.9842,B02512
09/02/2014 0:21,40.7055,-73.9284,B02512
09/02/2014 0:27,40.7446,-73.9992,B02512
09/02/2014 0:31,40.7405,-74.0441,B02512
09/02/2014 0:36,40.686,-73.988,B02512
09/02/2014 0:44,40.7631,-73.9808,B02512
09/02/2014 0:45,40.7494,-73.9923,B02512
09/02/2014 0:56,40.6335,-73.9518,B02512
09/02/2014 1:00,40.7337,-74.0064,B02512
09/02/2014 1:24,40.6744,-73.9624,B02512
09/02/2014 1:28,40.7288,-73.99,B02512
09/02/2014 1:52,40.7378,-73.9976,B02512
09/02/2014 1:58,40.6448,-73.7813,B02512
09/02/2014 3:12,40.761,-73.9852,B02512
09/02/2014 3:17,40.7898,-73.9759,B02512
09/02/2014 3:20,40.7232,-73.9824,B02512
09/02/2014 3:23,40.7632,-73.9569,B02512
09/02/2014 3:34,40.8237,-73.9545,B02512
09/02/2014 3:36,40.7483,-73.9742,B02512
09/02/2014 3:36,40.6687,-73.7247,B02512
09/02/2014 3:47,40.7648,-73.9882,B02512
09/02/2014 3:52,40.7526,-73.9744,B02512
09/02/2014 3:57,40.7287,-73.9904,B02512
09/02/2014 4:02,40.7477,-74.0375,B02512
09/02/2014 4:10,40.6459,-73.7767,B02512
09/02/2014 4:10,40.7722,-73.9467,B02512
09/02/2014 4:13,40.7626,-74.0214,B02512
09/02/2014 4:15,40.711,-73.9432,B02512
09/02/2014 4:16,40.6468,-73.7776,B02512
09/02/2014 4:17,40.7493,-73.9791,B02512
09/02/2014 4:18,40.7726,-73.9861,B02512
09/02/2014 4:20,40.695,-74.1782,B02512
09/02/2014 4:25,40.7514,-74.0034,B02512
09/02/2014 4:27,40.6614,-73.8037,B02512
09/02/2014 4:27,40.6804,-73.9297,B02512
09/02/2014 4:31,40.6448,-73.782,B02512
09/02/2014 4:31,40.7475,-73.9722,B02512
09/02/2014 4:36,40.6461,-73.7768,B02512
09/02/2014 4:43,40.655,-73.74,B02512
09/02/2014 4:46,40.7829,-73.9479,B02512
09/02/2014 4:49,40.7611,-73.9998,B02512
09/02/2014 4:52,40.7824,-73.9767,B02512
09/02/2014 4:55,40.7237,-73.9835,B02512
09/02/2014 4:57,40.8221,-74.3143,B02512
09/02/2014 5:00,40.6447,-73.7824,B02512
09/02/2014 5:01,40.8267,-73.9513,B02512
09/02/2014 5:01,40.6878,-74.1816,B02512
09/02/2014 5:01,40.6737,-73.9568,B02512
09/02/2014 5:03,40.7899,-73.9732,B02512
09/02/2014 5:03,40.779,-73.9541,B02512
09/02/2014 5:08,40.6446,-73.7822,B02512
09/02/2014 5:08,40.7506,-74.0317,B02512
09/02/2014 5:10,40.7739,-73.9815,B02512
09/02/2014 5:10,40.7506,-73.9745,B02512
09/02/2014 5:16,40.7205,-73.9849,B02512
09/02/2014 5:18,40.8021,-73.9683,B02512
09/02/2014 5:19,40.6448,-73.7821,B02512
09/02/2014 5:24,40.6445,-73.783,B02512
09/02/2014 5:25,40.6912,-73.9537,B02512
09/02/2014 5:33,40.7626,-73.9934,B02512
09/02/2014 5:33,40.6758,-73.9299,B02512
09/02/2014 5:34,40.7232,-74.0026,B02512
09/02/2014 5:37,40.7745,-73.9456,B02512
09/02/2014 5:40,40.7859,-73.97,B02512
09/02/2014 5:45,40.7482,-73.9772,B02512
09/02/2014 5:50,40.7502,-73.989,B02512
09/02/2014 5:51,40.7401,-73.992,B02512
09/02/2014 5:52,40.746,-74.0003,B02512
09/02/2014 5:56,40.7744,-73.9773,B02512
09/02/2014 5:58,40.7313,-74.0102,B02512
09/02/2014 5:58,40.7743,-73.9869,B02512
09/02/2014 5:59,40.7447,-73.9568,B02512
09/02/2014 6:00,40.7778,-73.9509,B02512
09/02/2014 6:01,40.6873,-73.9792,B02512
09/02/2014 6:02,40.7956,-73.9364,B02512
09/02/2014 6:03,40.6447,-73.782,B02512
09/02/2014 6:04,40.7709,-73.9834,B02512
09/02/2014 6:06,40.774,-73.8721,B02512
09/02/2014 6:11,40.7194,-73.9989,B02512
09/02/2014 6:11,40.7849,-73.9484,B02512
09/02/2014 6:12,40.8054,-73.9677,B02512
09/02/2014 6:12,40.6952,-74.1801,B02512
09/02/2014 6:13,40.7716,-73.9561,B02512
09/02/2014 6:15,40.7256,-74.0048,B02512
09/02/2014 6:18,40.7942,-73.9763,B02512
09/02/2014 6:19,40.7508,-73.9739,B02512
09/02/2014 6:21,40.7229,-73.9835,B02512
09/02/2014 6:23,40.735,-73.989,B02512
09/02/2014 6:26,40.7382,-74.0086,B02512
09/02/2014 6:27,40.7219,-74.0077,B02512
09/02/2014 6:27,40.7204,-73.9965,B02512
09/02/2014 6:28,40.764,-73.985,B02512
09/02/2014 6:30,40.7314,-73.9869,B02512
09/02/2014 6:30,40.7523,-73.9779,B02512
09/02/2014 6:30,40.7784,-73.9852,B02512
09/02/2014 6:35,40.7767,-73.9851,B02512
09/02/2014 6:35,40.7692,-73.983,B02512
09/02/2014 6:38,40.6449,-73.7822,B02512
09/02/2014 6:39,40.6742,-73.8016,B02512
09/02/2014 6:39,40.7716,-73.9827,B02512
09/02/2014 6:48,40.6417,-74.0178,B02512
09/02/2014 6:48,40.7461,-74.0398,B02512
09/02/2014 6:48,40.7444,-73.9803,B02512
09/02/2014 6:49,40.7789,-73.9601,B02512
09/02/2014 6:50,40.7476,-73.9564,B02512
09/02/2014 6:50,40.7205,-74.0062,B02512
09/02/2014 6:52,40.7773,-73.9619,B02512
09/02/2014 6:53,40.719,-73.9833,B02512
09/02/2014 6:54,40.7895,-73.9784,B02512
09/02/2014 6:56,40.7143,-73.9878,B02512
09/02/2014 6:56,40.688,-73.9854,B02512
09/02/2014 6:56,40.7274,-73.992,B02512
09/02/2014 6:58,40.7264,-73.9894,B02512
09/02/2014 6:59,40.7579,-73.9612,B02512
09/02/2014 7:01,40.7247,-73.9917,B02512
09/02/2014 7:01,40.7784,-73.9789,B02512
09/02/2014 7:03,40.7374,-73.9794,B02512
09/02/2014 7:04,40.7548,-73.9976,B02512
09/02/2014 7:05,40.741,-73.9923,B02512
09/02/2014 7:05,40.7766,-73.8446,B02512
09/02/2014 7:06,40.7796,-73.9066,B02512
09/02/2014 7:08,40.7723,-73.9789,B02512
09/02/2014 7:08,40.7492,-73.9943,B02512
09/02/2014 7:10,40.7366,-73.9907,B02512
09/02/2014 7:12,40.7677,-73.9927,B02512
09/02/2014 7:14,40.7411,-74.0376,B02512
09/02/2014 7:16,40.7447,-73.9911,B02512
09/02/2014 7:18,40.7427,-73.9545,B02512
09/02/2014 7:18,40.7592,-73.9945,B02512
09/02/2014 7:19,40.7339,-73.9983,B02512
09/02/2014 7:23,40.7848,-73.9522,B02512
09/02/2014 7:23,40.7334,-73.9853,B02512
09/02/2014 7:23,40.7774,-73.9808,B02512
09/02/2014 7:24,40.7773,-73.9563,B02512
09/02/2014 7:25,40.7085,-74.0022,B02512
09/02/2014 7:25,40.7605,-74.0029,B02512
09/02/2014 7:25,40.8175,-74.2185,B02512
09/02/2014 7:26,40.7707,-73.8655,B02512
09/02/2014 7:26,40.7357,-74.0028,B02512
09/02/2014 7:27,40.6872,-73.9486,B02512
09/02/2014 7:28,40.7496,-73.9917,B02512
09/02/2014 7:28,40.7256,-73.9777,B02512
09/02/2014 7:29,40.7276,-73.9927,B02512
09/02/2014 7:30,40.7533,-73.8898,B02512
09/02/2014 7:31,40.6834,-73.9608,B02512
09/02/2014 7:31,40.7388,-74.0091,B02512
09/02/2014 7:33,40.7695,-73.9558,B02512
09/02/2014 7:35,40.77,-73.9633,B02512
09/02/2014 7:36,40.7174,-74.0082,B02512
09/02/2014 7:37,40.7238,-73.9833,B02512
09/02/2014 7:39,40.8018,-73.9677,B02512
09/02/2014 7:42,40.7337,-73.9977,B02512
09/02/2014 7:42,40.6893,-73.9849,B02512
09/02/2014 7:43,40.7466,-73.9833,B02512
09/02/2014 7:43,40.7631,-73.9716,B02512
09/02/2014 7:43,40.7351,-74.1645,B02512
09/02/2014 7:44,40.7784,-73.9583,B02512
09/02/2014 7:44,40.7703,-73.9512,B02512
09/02/2014 7:45,40.6127,-73.9396,B02512
09/02/2014 7:46,40.7382,-74.0024,B02512
09/02/2014 7:48,40.6752,-73.9656,B02512
09/02/2014 7:50,40.7845,-73.9736,B02512
09/02/2014 7:51,40.7546,-73.9696,B02512
09/02/2014 7:54,40.7566,-73.9612,B02512
09/02/2014 7:54,40.7684,-73.8626,B02512
09/02/2014 7:55,40.728,-73.986,B02512
09/02/2014 7:55,40.7585,-73.9655,B02512
09/02/2014 7:57,40.7737,-73.9488,B02512
09/02/2014 7:58,40.7387,-73.9834,B02512
09/02/2014 7:58,40.7537,-73.9645,B02512
09/02/2014 7:59,40.6911,-73.9695,B02512
09/02/2014 8:00,40.7169,-74.0149,B02512
09/02/2014 8:00,40.7622,-73.9585,B02512
09/02/2014 8:01,40.7376,-74.0309,B02512
09/02/2014 8:01,40.744,-74.0063,B02512
09/02/2014 8:02,40.8009,-73.9289,B02512
09/02/2014 8:03,40.7427,-73.9492,B02512
09/02/2014 8:05,40.7692,-73.9689,B02512
09/02/2014 8:05,40.6459,-73.7767,B02512
09/02/2014 8:06,40.7616,-73.9998,B02512
09/02/2014 8:06,40.7655,-73.9836,B02512
09/02/2014 8:07,40.7737,-73.9634,B02512
09/02/2014 8:08,40.7809,-73.9588,B02512
09/02/2014 8:09,40.7228,-74.0089,B02512
09/02/2014 8:10,40.664,-73.9808,B02512
09/02/2014 8:10,40.7238,-74.0003,B02512
09/02/2014 8:13,40.7678,-73.9531,B02512
09/02/2014 8:13,40.7982,-73.9599,B02512
09/02/2014 8:14,40.6848,-73.9634,B02512
09/02/2014 8:16,40.7326,-73.9813,B02512
09/02/2014 8:17,40.7289,-73.9843,B02512
09/02/2014 8:18,40.7793,-73.9609,B02512
09/02/2014 8:18,40.725,-73.9883,B02512
09/02/2014 8:20,40.7731,-73.9461,B02512
09/02/2014 8:20,40.7357,-73.9968,B02512
09/02/2014 8:21,40.6374,-73.9586,B02512
09/02/2014 8:21,40.7149,-74.0165,B02512
09/02/2014 8:22,40.766,-74.0335,B02512
09/02/2014 8:22,40.7596,-73.9621,B02512
09/02/2014 8:22,40.7686,-73.8626,B02512
09/02/2014 8:23,40.7236,-73.9823,B02512
09/02/2014 8:25,40.7197,-73.9877,B02512
09/02/2014 8:27,40.7341,-74.0096,B02512
09/02/2014 8:27,40.6404,-73.7117,B02512
09/02/2014 8:27,40.6404,-73.7117,B02512
09/02/2014 8:31,40.7303,-73.9939,B02512
09/02/2014 8:31,40.7653,-73.9615,B02512
09/02/2014 8:31,40.7225,-74.0105,B02512
09/02/2014 8:32,40.7768,-73.9449,B02512
09/02/2014 8:33,40.7741,-73.9571,B02512
09/02/2014 8:34,40.7269,-73.9958,B02512
09/02/2014 8:36,40.7458,-74.0054,B02512
09/02/2014 8:36,40.735,-73.989,B02512
09/02/2014 8:36,40.7666,-73.9781,B02512
09/02/2014 8:39,40.7303,-73.9874,B02512
09/02/2014 8:39,40.6645,-73.9328,B02512
09/02/2014 8:40,40.7488,-73.9836,B02512
09/02/2014 8:40,40.7694,-73.9598,B02512
09/02/2014 8:40,40.7763,-73.9479,B02512
09/02/2014 8:41,40.6862,-73.9912,B02512
09/02/2014 8:43,40.7174,-73.9519,B02512
09/02/2014 8:44,40.667,-73.8605,B02512
09/02/2014 8:44,40.7459,-73.9919,B02512
09/02/2014 8:45,40.7204,-74.0035,B02512
09/02/2014 8:46,40.7237,-74.0108,B02512
09/02/2014 8:47,40.7636,-73.9961,B02512
09/02/2014 8:48,40.7857,-73.9692,B02512
09/02/2014 8:50,40.749,-73.9798,B02512
09/02/2014 8:50,40.7361,-73.9939,B02512
09/02/2014 8:50,40.7709,-73.9615,B02512
09/02/2014 8:51,40.7698,-73.9899,B02512
09/02/2014 8:51,40.724,-73.9967,B02512
09/02/2014 8:51,40.7367,-73.9887,B02512
09/02/2014 8:54,40.6992,-73.8373,B02512
09/02/2014 8:57,40.7506,-73.9924,B02512
09/02/2014 8:58,40.7232,-74.0049,B02512
09/02/2014 9:01,40.7187,-74.0088,B02512
09/02/2014 9:01,40.7262,-74.0093,B02512
09/02/2014 9:01,40.7493,-73.9762,B02512
09/02/2014 9:03,40.751,-73.9908,B02512
09/02/2014 9:05,40.7756,-73.9809,B02512
09/02/2014 9:07,40.6967,-73.9831,B02512
09/02/2014 9:08,40.7752,-73.9595,B02512
09/02/2014 9:09,40.7234,-73.9948,B02512
09/02/2014 9:10,40.7241,-73.9788,B02512
09/02/2014 9:11,40.7252,-74.0107,B02512
09/02/2014 9:13,40.7701,-73.9667,B02512
09/02/2014 9:13,40.7232,-73.9954,B02512
09/02/2014 9:13,40.7575,-73.9741,B02512
09/02/2014 9:13,40.7887,-73.9422,B02512
09/02/2014 9:14,40.7513,-73.9939,B02512
09/02/2014 9:15,40.7773,-73.9753,B02512
09/02/2014 9:17,40.7407,-74.0008,B02512
09/02/2014 9:17,40.7588,-73.986,B02512
09/02/2014 9:20,40.7579,-73.9645,B02512
09/02/2014 9:22,40.774,-73.8719,B02512
09/02/2014 9:23,40.7266,-74.0073,B02512
09/02/2014 9:23,40.7652,-73.9795,B02512
09/02/2014 9:24,40.7618,-73.9851,B02512
09/02/2014 9:24,40.7186,-74.0081,B02512
09/02/2014 9:26,40.7302,-73.9865,B02512
09/02/2014 9:26,40.7732,-73.9589,B02512
09/02/2014 9:27,40.77,-73.8648,B02512
09/02/2014 9:28,40.7706,-73.8653,B02512
09/02/2014 9:32,40.6045,-73.9633,B02512
09/02/2014 9:34,40.7806,-73.9611,B02512
09/02/2014 9:39,40.7224,-74.0036,B02512
09/02/2014 9:40,40.7748,-73.9633,B02512
09/02/2014 9:40,40.7256,-74.0042,B02512
09/02/2014 9:42,40.7569,-73.9677,B02512
09/02/2014 9:43,40.7244,-73.9892,B02512
09/02/2014 9:43,40.78,-73.961,B02512
09/02/2014 9:44,40.7665,-73.9525,B02512
09/02/2014 9:45,40.7217,-73.9995,B02512
09/02/2014 9:45,40.7555,-73.97,B02512
09/02/2014 9:46,40.7741,-73.8725,B02512
09/02/2014 9:49,40.7414,-73.9939,B02512
09/02/2014 9:51,40.7831,-73.9571,B02512
09/02/2014 9:52,40.7584,-73.9711,B02512
09/02/2014 9:52,40.7543,-73.9694,B02512
09/02/2014 9:56,40.6916,-73.9844,B02512
09/02/2014 9:56,40.7728,-73.9626,B02512
09/02/2014 9:57,40.7306,-74.0091,B02512
09/02/2014 9:58,40.7583,-73.9841,B02512
09/02/2014 9:59,40.7237,-73.997,B02512
09/02/2014 9:59,40.7623,-73.9721,B02512
09/02/2014 10:01,40.7599,-73.9734,B02512
09/02/2014 10:02,40.7686,-73.8625,B02512
09/02/2014 10:04,40.7643,-73.9739,B02512
09/02/2014 10:04,40.7643,-73.9739,B02512
09/02/2014 10:04,40.7803,-73.9088,B02512
09/02/2014 10:04,40.7397,-73.9911,B02512
09/02/2014 10:05,40.7736,-73.9451,B02512
09/02/2014 10:06,40.7115,-74.0156,B02512
09/02/2014 10:11,40.7386,-73.9834,B02512
09/02/2014 10:14,40.7741,-73.9005,B02512
09/02/2014 10:14,40.7741,-73.9005,B02512
09/02/2014 10:16,40.7249,-73.9788,B02512
09/02/2014 10:17,40.77,-73.9633,B02512
09/02/2014 10:18,40.7655,-73.97,B02512
09/02/2014 10:19,40.7435,-73.9997,B02512
09/02/2014 10:19,40.7277,-73.9913,B02512
09/02/2014 10:20,40.8092,-73.9211,B02512
09/02/2014 10:20,40.7522,-73.9932,B02512
09/02/2014 10:22,40.7625,-73.9706,B02512
09/02/2014 10:22,40.7515,-73.994,B02512
09/02/2014 10:23,40.7556,-73.9764,B02512
09/02/2014 10:23,40.7513,-73.994,B02512
09/02/2014 10:25,40.7521,-73.9779,B02512
09/02/2014 10:25,40.7306,-73.9847,B02512
09/02/2014 10:26,40.6683,-73.9407,B02512
09/02/2014 10:26,40.716,-74.0035,B02512
09/02/2014 10:27,40.7591,-73.994,B02512
09/02/2014 10:27,40.7643,-73.9732,B02512
09/02/2014 10:31,40.725,-73.9973,B02512
09/02/2014 10:31,40.6932,-73.9985,B02512
09/02/2014 10:32,40.7441,-73.9856,B02512
09/02/2014 10:32,40.7592,-73.9779,B02512
09/02/2014 10:33,40.7444,-73.9855,B02512
09/02/2014 10:34,40.7014,-73.8413,B02512
09/02/2014 10:35,40.6447,-73.7823,B02512
09/02/2014 10:37,40.7492,-73.9842,B02512
09/02/2014 10:37,40.7503,-73.9789,B02512
09/02/2014 10:40,40.9272,-73.8352,B02512
09/02/2014 10:40,40.7564,-73.9746,B02512
09/02/2014 10:41,40.7693,-73.8866,B02512
09/02/2014 10:41,40.755,-74.0001,B02512
09/02/2014 10:41,40.7693,-73.9516,B02512
09/02/2014 10:42,40.7433,-73.989,B02512
09/02/2014 10:42,40.7705,-73.8656,B02512
09/02/2014 10:42,40.7259,-74.0088,B02512
09/02/2014 10:45,40.7342,-74.0035,B02512
09/02/2014 10:48,40.7166,-73.9971,B02512
09/02/2014 10:51,40.7457,-73.9876,B02512
09/02/2014 10:52,40.7217,-74.0043,B02512
09/02/2014 10:53,40.7749,-73.9076,B02512
09/02/2014 10:53,40.7269,-74.0074,B02512
09/02/2014 10:54,40.7388,-73.9787,B02512
09/02/2014 10:56,40.7225,-74.0068,B02512
09/02/2014 10:56,40.6346,-74.0255,B02512
09/02/2014 10:56,40.6877,-74.1823,B02512
09/02/2014 10:56,40.7888,-73.9705,B02512
09/02/2014 10:57,40.7489,-73.9718,B02512
09/02/2014 10:57,40.6733,-73.9335,B02512
09/02/2014 11:00,40.7715,-73.9636,B02512
09/02/2014 11:02,40.7279,-73.9931,B02512
09/02/2014 11:03,40.688,-74.1828,B02512
09/02/2014 11:03,40.7549,-73.9938,B02512
09/02/2014 11:04,40.7062,-74.0091,B02512
09/02/2014 11:07,40.7874,-73.9741,B02512
09/02/2014 11:07,40.8402,-73.9431,B02512
09/02/2014 11:08,40.7631,-73.9774,B02512
09/02/2014 11:08,40.7675,-73.9811,B02512
09/02/2014 11:09,40.7122,-74.0099,B02512
09/02/2014 11:09,40.707,-73.9237,B02512
09/02/2014 11:11,40.7381,-73.9878,B02512
09/02/2014 11:14,40.7848,-73.956,B02512
09/02/2014 11:14,40.7848,-73.956,B02512
09/02/2014 11:17,40.7741,-73.9608,B02512
